component	repository	source_path	arm32_evidence	arm64_evidence	source_status	binary_evidence	last_path_commit	last_path_committer_date	pi2_v1_1_evidence	pi2_v1_2_evidence	pi3_evidence	source_url
Kernel/HAL extensions	Closed/inbox/external component; see cited manifest or documentation	No public implementation path established	Historical BCM2836 IoT boot documented; exact kernel/HAL version and module packaging unverified here	Different OS architecture; not interchangeable with ARM32	No public Windows kernel/HAL implementation identified in surveyed firmware/driver packages; not proof that the IoT image lacks it	Closed Windows OS payload not extracted; no named HAL-extension binary verified in inspected driver archives	N/A: no public implementation commit	N/A: no public implementation commit	Official IoT release notes explicitly BCM2836	Official IoT release notes BCM2837	Official IoT release notes BCM2837	https://github.com/MicrosoftDocs/windows-iotcore-docs/blob/5ce0ec708c82a33d6ba0900d9d6ba4a6d2ce5877/windows-iotcore/release-notes/commercial/17763.md
Boot firmware/BSP	raspberrypi/windows-drivers	bspfiles/Packages/RPi.BootFirmware/kernel.img	Yes - this exact kernel.img IS ARM32-architecture firmware; README explicitly scopes its SMBIOS rebuild step to '32-bit Windows 10 IoT Core on Raspberry Pi 3 and earlier'	No equivalent in this BSP - ARM64 (Pi2 v1.2/Pi3/Pi4) uses standalone pftf/RPi3+RPi4 UEFI images instead, no kernel.img bootstub step	Vendored ARM32 UEFI binary sample; implementation source in ms-iot/RPi-UEFI	kernel.img present in the tracked BSP tree; not a Windows NT kernel; no hardware boot performed	dd06ff9ad2d73e516009718d49c8d12ede3a265f	2020-02-18T16:33:13-08:00	BSP README explicitly includes Pi2 for ARM32 IoT Core	Shared ARM32 IoT firmware family; exact image pairing required	Shared ARM32 IoT firmware family; exact image pairing required	https://github.com/raspberrypi/windows-drivers/blob/88ee238c9debecce810d208cac1e5f36add3d2a1/bspfiles/Packages/RPi.BootFirmware/kernel.img
Display/Framebuffer - roskmd (VC4 GPU/WDDM driver, source found in a separate Microsoft repo, NOT absent)	microsoft/graphics-driver-samples	render-only-sample/roskmd/RosKmd.h	Yes (Ros.sln: Debug|ARM, Release|ARM)	Yes (Ros.sln: Debug|ARM64, Release|ARM64)	Open - very-high-confidence identified; NOT present in the two originally-scoped hub repos, but NOT 'absent' in the universal sense either - real MIT-licensed Microsoft source exists in a separate, dedicated, actively-maintained (2015-2020) repository	Not independently matched to any specific shipped roskmd.sys binary byte-for-byte (out of this lead's bounded scope); INF confirmed produces roskmd.sys + rosumd.dll, ACPI\BCM2850	992be2817b670da29772272b15b953b46f86db6f	2016-01-11T13:18:45-08:00	sample's own README targets 'Raspberry Pi 2' (ARM) specifically, predating Pi3/ARM64	undocumented (ARM64 config exists in Ros.sln but not separately confirmed tested on rev1.2)	worproject: roskmd.sys 'Not working' (loads but unfinished) - matches sample's own 'not a fully featured driver' self-description	https://github.com/microsoft/graphics-driver-samples/blob/de4a2161991eda254013da6c18226f5ea06e4a9c/render-only-sample/roskmd/RosKmd.h
GPIO	raspberrypi/windows-drivers	drivers/gpio/bcm2836/bcmgpio.inf	Yes (vcxproj Debug|ARM, Release|ARM)	Yes (vcxproj Debug|ARM64, Release|ARM64)	Open - full source + INF	v0.17 RPi3+RPi4 ARM64 (byte-identical, SHA256 cross-verified): bcmgpio.sys 17840B ARM64 PE, 2020-08-20T20:33:16Z; v0.9 RPi3 ARM32: bcmgpio.sys 38296B ARMNT PE	b6dcdc76e35af86542e73b85c48eefa971459c91	2021-03-19T00:11:27+02:00	ACPI\BCM2845 (synthetic ID); RPiFM.xml tags RPI2_DRIVERS + RPI2_GPIO_DRIVER	same (no distinct tag)	inherited via RPI2_DRIVERS	https://github.com/raspberrypi/windows-drivers/blob/88ee238c9debecce810d208cac1e5f36add3d2a1/drivers/gpio/bcm2836/bcmgpio.inf
I2C	raspberrypi/windows-drivers	drivers/i2c/bcm2836/bcmi2c.inf	Yes	Yes	Open - full source + INF	v0.17 RPi3+RPi4 ARM64 (byte-identical): bcmi2c.sys 37296B ARM64 PE, 2020-08-20T20:33:16Z; v0.9 RPi3 ARM32: bcmi2c.sys 46488B ARMNT PE	b6dcdc76e35af86542e73b85c48eefa971459c91	2021-03-19T00:11:27+02:00	ACPI\BCM2841; RPI2_DRIVERS	same	inherited	https://github.com/raspberrypi/windows-drivers/blob/88ee238c9debecce810d208cac1e5f36add3d2a1/drivers/i2c/bcm2836/bcmi2c.inf
SPI	raspberrypi/windows-drivers	drivers/spi/bcm2836/bcmspi.inf	Yes	Yes	Open - full source + INF	v0.17 RPi3+RPi4 ARM64 (byte-identical): bcmspi.sys 37296B ARM64 PE, 2020-08-20T20:33:16Z; v0.9 RPi3 ARM32: bcmspi.sys 50584B ARMNT PE	b6dcdc76e35af86542e73b85c48eefa971459c91	2021-03-19T00:11:27+02:00	ACPI\BCM2838/BCMSPI0 (synthetic); RPI2_DRIVERS	same	inherited	https://github.com/raspberrypi/windows-drivers/blob/88ee238c9debecce810d208cac1e5f36add3d2a1/drivers/spi/bcm2836/bcmspi.inf
AUXSPI (SPI1, helper/sibling of SPI)	raspberrypi/windows-drivers	drivers/spi/bcmauxspi/bcmauxspi.inf	Yes	Yes	Open - full source + INF	v0.17 RPi3+RPi4 ARM64 (byte-identical): bcmauxspi.sys 38832B ARM64 PE, 2020-08-20T20:33:34Z; v0.9 RPi3 ARM32: bcmauxspi.sys 46488B ARMNT PE	6469702898789e555c6947e50216a3f79e0ddeb9	2021-06-03T21:10:28+03:00	ACPI\BCM2839/BCMSPI1 (BCM2840 HID removed 2021-06-03); RPI2_DRIVERS	same	inherited	https://github.com/raspberrypi/windows-drivers/blob/88ee238c9debecce810d208cac1e5f36add3d2a1/drivers/spi/bcmauxspi/bcmauxspi.inf
DMA (helper, embedded in PWM - no standalone component)	raspberrypi/windows-drivers	drivers/pwm/bcm2836/dma.cpp	Yes (compiled into bcm2836pwm.sys)	Yes	Open, but only as part of the PWM driver; no standalone DMA controller package exists	Not separately verifiable - statically linked into bcm2836pwm.sys, not a standalone binary	15f73cfc7937a8df4a81a6e488196ae9df93cc51	2020-07-15T06:04:46+08:00	shared via PWM	shared via PWM	shared via PWM	https://github.com/raspberrypi/windows-drivers/blob/88ee238c9debecce810d208cac1e5f36add3d2a1/drivers/pwm/bcm2836/dma.cpp
PWM	raspberrypi/windows-drivers	drivers/pwm/bcm2836/bcm2836pwm.inf	Yes	Yes	Open - full source + INF	v0.17 RPi3 ARM64: bcm2836pwm.sys 38320B, 2020-08-20T20:33:26Z; v0.17 RPi4 ARM64: bcm2836pwm.sys 39992B, 2021-11-30T15:09:35Z (DIFFERENT from RPi3 build, SHA256-confirmed non-identical - Pi4 uses its own build); v0.9 RPi3 ARM32: bcm2836pwm.sys 50584B ARMNT PE	b6dcdc76e35af86542e73b85c48eefa971459c91	2021-03-19T00:11:27+02:00	ACPI\BCM2844; RPI2_DRIVERS	same	inherited	https://github.com/raspberrypi/windows-drivers/blob/88ee238c9debecce810d208cac1e5f36add3d2a1/drivers/pwm/bcm2836/bcm2836pwm.inf
Mailbox (VC4 property-channel interface, RPIQ)	raspberrypi/windows-drivers	drivers/mailbox/bcm2836/RPIQ.inf	Yes (vcxproj Debug|ARM, Release|ARM)	Yes (vcxproj Debug|ARM64, Release|ARM64)	Open - full source (device.c, driver.c, init.c, interrupt.c, ioctl.c, mailbox.c) + INF	v0.9 RPi3 ARM32: rpiq.sys 20776B ARMNT PE (confirmed in full_inspection.txt); v0.17 RPi3=RPi4 (byte-identical, SHA256-confirmed): RPIQ/rpiq.sys 28592B ARM64 PE, 2020-08-20T20:33:29Z	b6dcdc76e35af86542e73b85c48eefa971459c91	2021-03-19T00:11:27+02:00	ACPI\BCM2849, ACPI\RPIQ (synthetic IDs); listed in RPiFM.xml's mandatory `<BasePackages>` block (`%BSPPKG_DIR% %OEM_NAME%.RPi.rpiq.cab`) - i.e. a bootstrap-critical package installed on every model unconditionally, not an optional RPI2_DRIVERS/RPI3_DRIVERS feature choice	same (mandatory base package, model-independent)	same (mandatory base package)	https://github.com/raspberrypi/windows-drivers/blob/88ee238c9debecce810d208cac1e5f36add3d2a1/drivers/mailbox/bcm2836/RPIQ.inf
SD/eMMC - Arasan controller	raspberrypi/windows-drivers	drivers/sd/bcm2836/bcm2836sdhc/bcm2836sdhc.inf	Yes	Yes	Open - full source + INF	v0.9 RPi3 ARM32: bcm2836sdhc.sys 38296B ARMNT PE, PE TimeDateStamp 2017-03-19T18:17:16Z	5c5e2742b4c983b3001c473b168b0dae2fcba0c2	2021-06-03T21:02:40+03:00	ACPI\BCM2847/ARASAN (synthetic; description string says "Broadcom 2836 Arasan")	same	worproject README: Working	https://github.com/raspberrypi/windows-drivers/blob/88ee238c9debecce810d208cac1e5f36add3d2a1/drivers/sd/bcm2836/bcm2836sdhc/bcm2836sdhc.inf
SD/eMMC - SD2.0/SDHOST controller (helper/sibling)	raspberrypi/windows-drivers	drivers/sd/bcm2836/rpisdhc/rpisdhc.inf	Yes	Yes	Open - full source + INF	v0.17 RPi3 ARM64 (critical-boot INF per 'critical' marker file): rpisdhc.sys present; v0.9 RPi3 ARM32: rpisdhc.sys 50584B ARMNT PE	5c5e2742b4c983b3001c473b168b0dae2fcba0c2	2021-06-03T21:02:40+03:00	ACPI\BCM2855/SDHST (synthetic)	same	worproject README: Working (Pi3); gone on Pi4 per README	https://github.com/raspberrypi/windows-drivers/blob/88ee238c9debecce810d208cac1e5f36add3d2a1/drivers/sd/bcm2836/rpisdhc/rpisdhc.inf
USB - DWC OTG host controller for Pi2/Pi3 (not xHCI)	Closed/inbox/external component; see cited manifest or documentation	No public implementation path established	v0.9 RPi3 ARM32 ships dwchsotg_hcd.sys/dwchsotg_hub.sys (non-MCCI)	v0.17 ships mcci_dwchsotg_hcd.sys/mcci_dwchsotg_hub.sys	No source for this Windows host controller in the surveyed repositories; external Microsoft package reference	v0.9 RPi3 ARM32: dwchsotg_hcd.sys 292248B ARMNT PE + dwchsotg_hub.sys 120216B ARMNT PE; v0.17 RPi3=RPi4 (byte-identical, SHA256-confirmed): mcci_dwchsotg_hcd.sys 408832B ARM64 PE 2019-02-11T17:00:57Z + mcci_dwchsotg_hub.sys 153632B ARM64 PE 2019-02-11T17:01:03Z	N/A: no public implementation commit	N/A: no public implementation commit	closed, unverified for rev1.1 specifically	closed, unverified	worproject: mcci_dwchsotg Working (ARM64)	https://github.com/raspberrypi/windows-drivers/blob/88ee238c9debecce810d208cac1e5f36add3d2a1/bspfiles/Packages/RPiFM.xml
USB - Pi4 XHCI filter (helper, Pi4-only)	raspberrypi/windows-drivers	drivers/usb/bcm2711/rpiuxflt/rpiuxflt.inx	Project declares ARM; no ARM32 Pi4 hardware functionality established. Configuration is not a working-build/test claim	Yes	Open - full source	v0.17 RPi4 ARM64: rpiuxflt.sys 12640B ARM64 PE, 2020-08-26T19:45:30Z	35d6c68e1b98dc504fc5a02b821917fa67d6fdda	2021-05-16T16:38:31+03:00	N/A (Pi4-only)	N/A	N/A (Pi4, not Pi2/3)	https://github.com/raspberrypi/windows-drivers/blob/88ee238c9debecce810d208cac1e5f36add3d2a1/drivers/usb/bcm2711/rpiuxflt/rpiuxflt.inx
LAN - RpiLanPropertyChange (helper, netsvc, not a MAC driver)	raspberrypi/windows-drivers	drivers/RpiLanPropertyChange/bcm2836/RpiLanPropertyChange.inf	Yes	Yes	Open - full source + INF	v0.17 RPi3 ARM64: RpiLanPropertyChange.dll 114096B, 2020-08-20T20:33:53Z	b6dcdc76e35af86542e73b85c48eefa971459c91	2021-03-19T00:11:27+02:00	not tagged RPI2_DRIVERS (RPI3_DRIVERS only, per RPiFM.xml)	same	tagged RPI3_DRIVERS	https://github.com/raspberrypi/windows-drivers/blob/88ee238c9debecce810d208cac1e5f36add3d2a1/drivers/RpiLanPropertyChange/bcm2836/RpiLanPropertyChange.inf
LAN - Pi4 GENET (helper, Pi4-only)	raspberrypi/windows-drivers	drivers/net/bcm2711/bcmgenet/bcmgenet.inx	Project declares ARM; no ARM32 Pi4 hardware functionality established. Configuration is not a working-build/test claim	Yes	Open - full source	v0.17 RPi4 ARM64: bcmgenet_netadaptercx20.sys 34256B + bcmgenet_netadaptercx21.sys 34256B (same size, SHA256 NOT compared to each other - distinct NetAdapterCx API-version builds per README, not assumed identical), both 2022-03-07T18:47:2[3-4]Z	8ccd7fd2f93b8e079f8b937b6a924612dc08b257	2021-09-23T20:09:59+03:00	N/A (Pi4-only)	N/A	N/A (Pi4, not Pi2/3)	https://github.com/raspberrypi/windows-drivers/blob/88ee238c9debecce810d208cac1e5f36add3d2a1/drivers/net/bcm2711/bcmgenet/bcmgenet.inx
LAN - USB LAN9514/LAN7515 (closed, third-party)	Closed/inbox/external component; see cited manifest or documentation	No public implementation path established	v0.9 RPi3 ARM32 ships lan9500-arm-n650f.sys	v0.17 RPi3 ARM64 ships lan9500-arm64-n650f.sys + lan7800-arm64-n650f.sys	Closed/binary-only - "Microchip"-attributed per README, no source in scope	v0.9 RPi3 ARM32: lan9500-arm-n650f.sys 86016B ARMNT PE, PE TimeDateStamp 2018-08-13T20:30:41Z (plausible); v0.17 RPi3 ARM64: lan9500-arm64-n650f.sys 115280B ARM64 PE 2018-12-13T23:42:10Z + lan7800-arm64-n650f.sys 149280B ARM64 PE 2018-12-12T22:21:44Z	N/A: no public implementation commit	N/A: no public implementation commit	closed, unverified	closed, unverified	worproject: Working	https://github.com/raspberrypi/windows-drivers/blob/88ee238c9debecce810d208cac1e5f36add3d2a1/bspfiles/Packages/RPiFM.xml
WLAN (on-board) - original closed driver	Closed/inbox/external component; see cited manifest or documentation	No public implementation path established	v0.9 RPi3 ARM32 ships bcmdhd63.sys (on-board WLAN, documented Working in 2020 ARM32 table, now undocumented)	Not present in v0.17 ARM64 (confirmed absent from both v0.17 zips inspected - matches current README 'No driver available')	Closed/binary-only - RPiFM.xml %MSPKG_DIR% (RASPBERRYPI.RPi.Wifi.bcmdhd63.cab, RASPBERRYPI.RPi2.USBWIFI.cab, RASPBERRYPI.RPi2.RT.WLAN.cab)	v0.9 RPi3 ARM32: bcmdhd63.sys 1341336B ARMNT PE, PE TimeDateStamp 2016-03-24T00:38:36Z (plausible) + 43430r1rtecdc.bin 381293B (vendor firmware blob) + 43430r1nvram.txt (config)	N/A: no public implementation commit	N/A: no public implementation commit	RPiFM.xml: USB-dongle WLAN tagged RPI2_DRIVERS (external dongle only, Pi2 never had on-board WiFi)	same	tagged RPI3_DRIVERS (on-board); regression vs ARM64	https://github.com/raspberrypi/windows-drivers/blob/88ee238c9debecce810d208cac1e5f36add3d2a1/bspfiles/Packages/RPiFM.xml
WLAN/BT/UVC/Audio - external USB dongles (OS-level, NOT a BSP driver)	Closed/inbox/external component; see cited manifest or documentation	No public implementation path established	Yes per HardwareCompatList.md (ARM32 column, named Microsoft-verified models)	Not documented either way in the pages fetched	N/A - UVC/Audio are genuine inbox USB-class capabilities; WLAN (and the listed USB-Ethernet chipset) instead require native, chipset-specific vendor drivers verified for ARM32; Bluetooth uses the inbox-generic HCI-over-USB transport - independent of any BSP repo in scope either way	Not applicable - no specific binary asset to inspect; capability is inbox-Windows (UVC/Audio/BT) or native-vendor-driver (WiFi/Ethernet), not a discrete downloadable package from any repo in scope	N/A: no public implementation commit	N/A: no public implementation commit	n/a (OS-level, chip-generation-independent)	n/a	n/a	https://github.com/raspberrypi/windows-drivers/blob/88ee238c9debecce810d208cac1e5f36add3d2a1/bspfiles/Packages/RPiFM.xml
Display/Framebuffer - VCHIQ (helper, messaging transport only)	raspberrypi/windows-drivers	drivers/misc/vchiq/vchiq.inf	Yes	Yes	Open - full source + INF	v0.9 RPi3 ARM32: vchiq.sys 50584B ARMNT PE + vchiq_arm_kern.dll 48456B + vcos_win32_kern.dll 48456B (same size as each other - NOT cross-verified identical, not needed since they are different-named/different-purpose DLLs)	b6dcdc76e35af86542e73b85c48eefa971459c91	2021-03-19T00:11:27+02:00	tagged RPI3_DRIVERS (not RPI2_DRIVERS)	same	Historical Pi3 ARM32 status: partial/crashes; current ARM64 status: not working	https://github.com/raspberrypi/windows-drivers/blob/88ee238c9debecce810d208cac1e5f36add3d2a1/drivers/misc/vchiq/vchiq.inf
Audio - on-board PWM-driven jack (rpiwav)	raspberrypi/windows-drivers	drivers/audio/bcm2836/rpiwav.inf	Yes	Yes	Open - full source + INF	v0.17 RPi3 ARM64: rpiwav.sys 35248B, 2021-11-30T15:09:41Z; v0.17 RPi4 ARM64: rpiwav.sys 39408B, SHA256-confirmed DIFFERENT from RPi3's (independent per-package build, not shared); v0.9 RPi3 ARM32: rpiwav.sys 50584B ARMNT PE	b6dcdc76e35af86542e73b85c48eefa971459c91	2021-03-19T00:11:27+02:00	RPI2_DRIVERS tag	same	same; Pi4 HDMI audio is a separate, closed component (below)	https://github.com/raspberrypi/windows-drivers/blob/88ee238c9debecce810d208cac1e5f36add3d2a1/drivers/audio/bcm2836/rpiwav.inf
Audio - Pi4 HDMI (closed, no source in scope)	Closed/inbox/external component; see cited manifest or documentation	No public implementation path established	N/A (Pi4-only)	Confirmed shipped: v0.17 RPi4 ARM64 package contains rpi4hdmiwav.sys + rpi4hdmiwavbridge.sys	Closed/binary-only - not in raspberrypi/windows-drivers source tree, per README's own 'not yet open-sourced' disclaimer	v0.17 RPi4 ARM64: rpi4hdmiwav.sys 35792B ARM64 PE 2021-11-30T15:09:52Z + rpi4hdmiwavbridge.sys 30704B ARM64 PE 2021-11-30T15:09:39Z	N/A: no public implementation commit	N/A: no public implementation commit	N/A	N/A	N/A (Pi4, not Pi2/3)	https://github.com/raspberrypi/windows-drivers/blob/88ee238c9debecce810d208cac1e5f36add3d2a1/bspfiles/Packages/RPiFM.xml
Bluetooth - original on-board driver (closed)	Closed/inbox/external component; see cited manifest or documentation	No public implementation path established	v0.9 RPi3 ARM32 ships BtwSerialH5Bus.sys	Not present in v0.17 ARM64 (confirmed absent from both v0.17 zips inspected)	Closed/binary-only - RPiFM.xml %MSPKG_DIR% (RASPBERRYPI.RPi.BtwSerialH5Bus.cab); official 17763.md release notes independently confirm the exact service name	v0.9 RPi3 ARM32: BtwSerialH5Bus.sys 114584B ARMNT PE, PE TimeDateStamp 2016-06-20T18:30:27Z (plausible) + BCM4343A1_001.002.009.0043.0182.hcd 35976B (vendor firmware)	N/A: no public implementation commit	N/A: no public implementation commit	not tagged RPI2_DRIVERS (RPI3_DRIVERS only)	same	tagged RPI3_DRIVERS; official known issues: 'RPi3 will not pair BT+BTLE', 'low-bandwidth devices' only	https://github.com/raspberrypi/windows-drivers/blob/88ee238c9debecce810d208cac1e5f36add3d2a1/bspfiles/Packages/RPiFM.xml
Bluetooth - cywbtserialbus (open, current)	worproject/cywbtserialbus	src/vendor/cywbtserialbus.inx	ARM project configuration; no ARM32 release asset verified and not rebuilt here	Yes (v1.0 release asset is ARM64 Debug only)	Open - full source + INF + vendor firmware (.hcd), MS-PL licensed, based on Microsoft's public serialhcibus sample	v0.17 RPi4 ARM64 (confirmed shipped in the REAL release, not just the standalone repo): cywbtserialbus.sys 57512B ARM64 PE, 2021-11-30T14:58:33Z + fw/BCM43430A1.hcd + fw/BCM4345C0.hcd + fw/BCM4345C5.hcd (THIRD firmware file not present in the public git repo's HEAD, which has only 2 - source/binary divergence noted, not resolved)	b2fa5cf87e407b3b038a7a8af8d1625221983589	2020-12-13T18:11:41+02:00	zero Pi2 mentions anywhere in this repo	same	README: tested on Pi3B (CYW43438), 'extensively tested' on Pi4 (CYW43455)	https://github.com/worproject/cywbtserialbus/blob/b9301327a566f0cc037258a326f5c8082890eca5/src/vendor/cywbtserialbus.inx
UART - Mini UART	raspberrypi/windows-drivers	drivers/uart/bcm2836/miniUart/pi_miniuart.inf	Yes	Yes	Open - full source + INF	v0.17 RPi3=RPi4 (byte-identical, SHA256-confirmed): pi_miniuart.sys 101936B ARM64 PE, 2021-08-02T14:04:12Z; v0.9 RPi3 ARM32: pi_miniuart.sys 87448B ARMNT PE	147fd483c81b7b19e766ccf3cf4d4b6800bda1da	2021-07-26T23:38:02+03:00	Source/ARM32 binary exists, but Pi2 Uart.asl disables this device (STA=0)	Depends on selected firmware device enablement; no independent test	same	https://github.com/raspberrypi/windows-drivers/blob/88ee238c9debecce810d208cac1e5f36add3d2a1/drivers/uart/bcm2836/miniUart/pi_miniuart.inf
UART - PL011	raspberrypi/windows-drivers	drivers/uart/bcm2836/serPL011/SerPL011.inf	Yes	Yes	Open - full source + INF	v0.17 RPi3 ARM64: SerPL011.sys 66904B, 2021-06-21T12:08:23Z; v0.17 RPi4 ARM64: SerPL011.sys 68336B, SHA256-confirmed DIFFERENT (independent per-package build); v0.9 RPi3 ARM32: SerPL011.sys 66968B ARMNT PE	8685d39df59b00e5628a9822eaa57f76f68c8a13	2021-08-02T15:22:54+03:00	Pi2 Uart.asl explicitly enables PL011 with HID BCM2837; HID is not a chip-identity restriction	Shared controller/driver binding; no independent revision-specific test here	consistent	https://github.com/raspberrypi/windows-drivers/blob/88ee238c9debecce810d208cac1e5f36add3d2a1/drivers/uart/bcm2836/serPL011/SerPL011.inf
Power	Closed/inbox/external component; see cited manifest or documentation	No public implementation path established	ACPI source and device-level support only; full suspend/DVFS not established	Not established by this component inventory	Firmware ACPI PEP description plus per-device WDF power handling; no standalone Windows PEP/system-power driver located	No standalone Windows power-management binary verified; firmware reset/PEP metadata is a separate inventory	N/A: no public implementation commit	N/A: no public implementation commit	No complete platform power-management claim	No complete platform power-management claim	No complete platform power-management claim	https://github.com/raspberrypi/windows-drivers/blob/88ee238c9debecce810d208cac1e5f36add3d2a1/bspfiles/Packages/RPiFM.xml
Camera	Closed/inbox/external component; see cited manifest or documentation	No public implementation path established	CSI unsupported; selected USB UVC devices documented separately	No CSI support established	No CSI PiCam driver located; official IoT release notes explicitly say PiCam unsupported	No CSI binary verified; certain USB webcams are documented ARM32 OS-level capabilities	N/A: no public implementation commit	N/A: no public implementation commit	CSI no; USB webcam availability is device/image dependent	CSI no; USB webcam availability is device/image dependent	CSI no; USB webcam availability is device/image dependent	https://github.com/MicrosoftDocs/windows-iotcore-docs/blob/5ce0ec708c82a33d6ba0900d9d6ba4a6d2ce5877/windows-iotcore/release-notes/commercial/17763.md
Touch	Closed/inbox/external component; see cited manifest or documentation	No public implementation path established	External ARM32 IoT package reference only	No verified FT5406 binary in inspected ARM64 archives	No FT5406 driver source located; RPiFM.xml refers to external Microsoft FT5406 package	Not found in inspected standalone BSP/v0.9/v0.17 archives; candidate recovery from an appropriate IoT image, not verified	N/A: no public implementation commit	N/A: no public implementation commit	No Pi2-specific package tag/working proof established	No Pi2-specific package tag/working proof established	RPI3_DRIVERS package evidence; Pi3B+ preview documentation says driver disabled	https://github.com/raspberrypi/windows-drivers/blob/88ee238c9debecce810d208cac1e5f36add3d2a1/bspfiles/Packages/RPiFM.xml
