component	repository	path	architecture	source_status	binary_status	last_path_commit	last_path_committer_date	model_evidence	source_url	notes
Shared CPU-detect boot stub	ms-iot/RPi-UEFI	Pi3BoardPkg/Scripts/startup.S	ARM32 target firmware; ACPI/data itself is not CPU machine code	Public source	Build selection: n/a (runs before FV). v1.0 combined firmware available; individual module not independently extracted	42edc35271384c6d62233419231c918711ada2d3	2016-10-21T20:27:20-07:00	Pi2 BCM2836 ARM32 board package; shared Pi3 use only where explicitly included, not per-revision hardware testing	https://github.com/ms-iot/RPi-UEFI/blob/42edc35271384c6d62233419231c918711ada2d3/Pi3BoardPkg/Scripts/startup.S	MIDR Cortex-A7(0xC07)->Pi2BoardPkg image, Cortex-A53(0xD03)->Pi3BoardPkg image, else park; binary-confirmed first 4 bytes = 0xEE100F10
SEC phase entry	ms-iot/RPi-UEFI	Pi2BoardPkg/Library/SecLib/SecLib.c + Arm/ModuleEntryPoint.S	ARM32 target firmware; ACPI/data itself is not CPU machine code	Public source	Build selection: linked-into-consumer (not own FFS). v1.0 combined firmware available; individual module not independently extracted	42edc35271384c6d62233419231c918711ada2d3	2016-10-21T20:27:20-07:00	Pi2 BCM2836 ARM32 board package; shared Pi3 use only where explicitly included, not per-revision hardware testing	https://github.com/ms-iot/RPi-UEFI/blob/42edc35271384c6d62233419231c918711ada2d3/Pi2BoardPkg/Library/SecLib/SecLib.c	Earliest ARM32 code after the boot stub; board-specific stack/cache setup
Multi-processor parking protocol	ms-iot/RPi-UEFI	ArmPlatformPkg/PrePi/PeiMPCoreMPPP.inf	ARM32 target firmware; ACPI/data itself is not CPU machine code	Public source	Build selection: yes (Pi2BoardPkg.fdf:227). v1.0 combined firmware available; individual module not independently extracted	42edc35271384c6d62233419231c918711ada2d3	2016-10-21T20:27:20-07:00	Pi2 BCM2836 ARM32 board package; shared Pi3 use only where explicitly included, not per-revision hardware testing	https://github.com/ms-iot/RPi-UEFI/blob/42edc35271384c6d62233419231c918711ada2d3/Pi2BoardPkg/Pi2BoardPkg.fdf#L227	Implements the "CPU park" mechanism startup.S's mailbox-polling loop hands off to; standard ArmPlatformPkg module, not board-specific code
Interrupt DXE driver	ms-iot/RPi-UEFI	Pi2BoardPkg/Drivers/InterruptDxe/InterruptDxe.c + .inf	ARM32 target firmware; ACPI/data itself is not CPU machine code	Public source	Build selection: YES (Pi2BoardPkg.fdf:174). v1.0 combined firmware available; individual module not independently extracted	42edc35271384c6d62233419231c918711ada2d3	2016-10-21T20:27:20-07:00	Pi2 BCM2836 ARM32 board package; shared Pi3 use only where explicitly included, not per-revision hardware testing	https://github.com/ms-iot/RPi-UEFI/blob/42edc35271384c6d62233419231c918711ada2d3/Pi2BoardPkg/Drivers/InterruptDxe/InterruptDxe.c	Replaces generic ArmGicDxe (explicitly commented out: Pi2BoardPkg.fdf:175 '#  INF ArmPkg/Drivers/ArmGic/ArmGicDxe.inf'). Firmware-boot-time only; torn down at ExitBootServices()
Interrupt controller library	ms-iot/RPi-UEFI	Pi2BoardPkg/Library/BcmGicLib/BcmGic.c + .inf	ARM32 target firmware; ACPI/data itself is not CPU machine code	Public source	Build selection: linked-into-consumer. v1.0 combined firmware available; individual module not independently extracted	42edc35271384c6d62233419231c918711ada2d3	2016-10-21T20:27:20-07:00	Pi2 BCM2836 ARM32 board package; shared Pi3 use only where explicitly included, not per-revision hardware testing	https://github.com/ms-iot/RPi-UEFI/blob/42edc35271384c6d62233419231c918711ada2d3/Pi2BoardPkg/Library/BcmGicLib/BcmGic.c	Stub GIC-API-compatible library backing the non-GIC Broadcom local interrupt/timer controller
Generic ARM timer DXE	ms-iot/RPi-UEFI	ArmPkg/Drivers/TimerDxe/TimerDxe.inf	ARM32 target firmware; ACPI/data itself is not CPU machine code	Public source	Build selection: YES. v1.0 combined firmware available; individual module not independently extracted	7a1e861e2925b9c006bcf8f95bd0d720a8c48328	2014-09-10T18:48:47Z	Pi2 BCM2836 ARM32 board package; shared Pi3 use only where explicitly included, not per-revision hardware testing	https://github.com/ms-iot/RPi-UEFI/blob/42edc35271384c6d62233419231c918711ada2d3/Pi2BoardPkg/Pi2BoardPkg.fdf#L176	Included alongside the custom interrupt driver; generic ARM architectural timer support
DSDT	ms-iot/RPi-UEFI	Pi2BoardPkg/AcpiTables/Common/DSDT.asl	ARM32 target firmware; ACPI/data itself is not CPU machine code	Public source	Build selection: compiled via AcpiTables*.inf. v1.0 combined firmware available; individual module not independently extracted	2e4b7dd1fd02b0d2fd7712d37aa31de07e98eba6	2017-04-14T14:18:13-07:00	Pi2 BCM2836 ARM32 board package; shared Pi3 use only where explicitly included, not per-revision hardware testing	https://github.com/ms-iot/RPi-UEFI/blob/2e4b7dd1fd02b0d2fd7712d37aa31de07e98eba6/Pi2BoardPkg/AcpiTables/Common/DSDT.asl#L19	Master device tree; DefinitionBlock OEMID="MSFT", OEM TableID="EDK2" (line 19)
FADT	ms-iot/RPi-UEFI	Pi2BoardPkg/AcpiTables/Common/Fadt.aslc	ARM32 target firmware; ACPI/data itself is not CPU machine code	Public source	Build selection: compiled via AcpiTables*.inf. v1.0 combined firmware available; individual module not independently extracted	42edc35271384c6d62233419231c918711ada2d3	2016-10-21T20:27:20-07:00	Pi2 BCM2836 ARM32 board package; shared Pi3 use only where explicitly included, not per-revision hardware testing	https://github.com/ms-iot/RPi-UEFI/blob/42edc35271384c6d62233419231c918711ada2d3/Pi2BoardPkg/AcpiTables/Common/Fadt.aslc	Byte-decoded this pass: Signature "FACP", OEMID="BC2836", OEM TableID="EDK2", Creator="MSFT"
MADT	ms-iot/RPi-UEFI	Pi2BoardPkg/AcpiTables/Common/Madt.aslc	ARM32 target firmware; ACPI/data itself is not CPU machine code	Public source	Build selection: compiled via AcpiTables*.inf. v1.0 combined firmware available; individual module not independently extracted	42edc35271384c6d62233419231c918711ada2d3	2016-10-21T20:27:20-07:00	Pi2 BCM2836 ARM32 board package; shared Pi3 use only where explicitly included, not per-revision hardware testing	https://github.com/ms-iot/RPi-UEFI/blob/42edc35271384c6d62233419231c918711ada2d3/Pi2BoardPkg/AcpiTables/Common/Madt.aslc#L13-L19	Byte-decoded: OEMID="BC2836". Lines 13-19 comment: synthetic GICC entries 'to validate that a properly formatted MADT can be used to initialize the Pi2 board' despite no real GIC
GTDT	ms-iot/RPi-UEFI	Pi2BoardPkg/AcpiTables/Common/Gtdt.aslc	ARM32 target firmware; ACPI/data itself is not CPU machine code	Public source	Build selection: compiled via AcpiTables*.inf. v1.0 combined firmware available; individual module not independently extracted	42edc35271384c6d62233419231c918711ada2d3	2016-10-21T20:27:20-07:00	Pi2 BCM2836 ARM32 board package; shared Pi3 use only where explicitly included, not per-revision hardware testing	https://github.com/ms-iot/RPi-UEFI/blob/42edc35271384c6d62233419231c918711ada2d3/Pi2BoardPkg/AcpiTables/Common/Gtdt.aslc	Generic ARM Timer description table
CSRT	ms-iot/RPi-UEFI	Pi2BoardPkg/AcpiTables/Common/CSRT.aslc	ARM32 target firmware; ACPI/data itself is not CPU machine code	Public source	Build selection: compiled via AcpiTables*.inf. v1.0 combined firmware available; individual module not independently extracted	42edc35271384c6d62233419231c918711ada2d3	2016-10-21T20:27:20-07:00	Pi2 BCM2836 ARM32 board package; shared Pi3 use only where explicitly included, not per-revision hardware testing	https://github.com/ms-iot/RPi-UEFI/blob/42edc35271384c6d62233419231c918711ada2d3/Pi2BoardPkg/AcpiTables/Common/CSRT.aslc#L116-L120	Per Microsoft Learn docs this is THE documented HAL-extension-loader table. One resource group: VendorId="MSFT", DeviceId=9(DMA), SubvendorId/SubdeviceId/Revision=0. OEMID macro actually ="MCRSFT" (comment at line 99 claiming 'BC2836' is stale)
Platform.h (shared OEM-ID macros, CSRT only)	ms-iot/RPi-UEFI	Pi2BoardPkg/AcpiTables/Common/Platform.h	ARM32 target firmware; ACPI/data itself is not CPU machine code	Public source	No standalone binary; build-time definitions	42edc35271384c6d62233419231c918711ada2d3	2016-10-21T20:27:20-07:00	Pi2 BCM2836 ARM32 board package; shared Pi3 use only where explicitly included, not per-revision hardware testing	https://github.com/ms-iot/RPi-UEFI/blob/42edc35271384c6d62233419231c918711ada2d3/Pi2BoardPkg/AcpiTables/Common/Platform.h#L11-L19	Line 11 EFI_ACPI_OEM_ID={'M','C','R','S','F','T'}; line12 OEM_TABLE_ID=RPI2EDK2; line14 CREATOR_ID=RPI2; line17 VENDOR_ID=MSFT; line19 DEVICE_ID_DMA=9
UART ACPI device table	ms-iot/RPi-UEFI	Pi2BoardPkg/AcpiTables/Uart.asl	ARM32 target firmware; ACPI/data itself is not CPU machine code	Public source	Build selection: compiled via AcpiTables*.inf. v1.0 combined firmware available; individual module not independently extracted	42edc35271384c6d62233419231c918711ada2d3	2016-10-21T20:27:20-07:00	Pi2 BCM2836 ARM32 board package; shared Pi3 use only where explicitly included, not per-revision hardware testing	https://github.com/ms-iot/RPi-UEFI/blob/42edc35271384c6d62233419231c918711ada2d3/Pi2BoardPkg/AcpiTables/Uart.asl#L11-L79	Line11 _HID="BCM2837"(PL011,enabled,STA=0xf); line74 _HID="BCM2836"(MiniUART,disabled,STA=0,line79 'disabled on Pi2'). Proves _HID is a driver-match label, not a chip-identity gate
SD/MMC host ACPI table	ms-iot/RPi-UEFI	Pi2BoardPkg/AcpiTables/Sdhc.asl	ARM32 target firmware; ACPI/data itself is not CPU machine code	Public source	Build selection: compiled via AcpiTables*.inf. v1.0 combined firmware available; individual module not independently extracted	42edc35271384c6d62233419231c918711ada2d3	2016-10-21T20:27:20-07:00	Pi2 BCM2836 ARM32 board package; shared Pi3 use only where explicitly included, not per-revision hardware testing	https://github.com/ms-iot/RPi-UEFI/blob/42edc35271384c6d62233419231c918711ada2d3/Pi2BoardPkg/AcpiTables/Sdhc.asl	ACPI device node for the SD host controller
Debug port table (DBG2)	ms-iot/RPi-UEFI	Pi2BoardPkg/AcpiTables/Dbg2.aslc	ARM32 target firmware; ACPI/data itself is not CPU machine code	Public source	Build selection: compiled via AcpiTables*.inf. v1.0 combined firmware available; individual module not independently extracted	42edc35271384c6d62233419231c918711ada2d3	2016-10-21T20:27:20-07:00	Pi2 BCM2836 ARM32 board package; shared Pi3 use only where explicitly included, not per-revision hardware testing	https://github.com/ms-iot/RPi-UEFI/blob/42edc35271384c6d62233419231c918711ada2d3/Pi2BoardPkg/AcpiTables/Dbg2.aslc	Kernel-debugger UART descriptor table
Rhpx table	ms-iot/RPi-UEFI	Pi2BoardPkg/AcpiTables/Rhpx.asl	ARM32 target firmware; ACPI/data itself is not CPU machine code	Public source	Build selection: compiled via AcpiTables*.inf. v1.0 combined firmware available; individual module not independently extracted	42edc35271384c6d62233419231c918711ada2d3	2016-10-21T20:27:20-07:00	Pi2 BCM2836 ARM32 board package; shared Pi3 use only where explicitly included, not per-revision hardware testing	https://github.com/ms-iot/RPi-UEFI/blob/42edc35271384c6d62233419231c918711ada2d3/Pi2BoardPkg/AcpiTables/Rhpx.asl	Reduced Hardware Power management device object
PEP (power-mgmt plugin, != HAL extension)	ms-iot/RPi-UEFI	Pi2BoardPkg/AcpiTables/Common/pep.h, PEP.asl, pepd.source.cxx	ARM32 target firmware; ACPI/data itself is not CPU machine code	Public source	Build selection: compiled via AcpiTables*.inf. v1.0 combined firmware available; individual module not independently extracted	42edc35271384c6d62233419231c918711ada2d3	2016-10-21T20:27:20-07:00	Pi2 BCM2836 ARM32 board package; shared Pi3 use only where explicitly included, not per-revision hardware testing	https://github.com/ms-iot/RPi-UEFI/blob/42edc35271384c6d62233419231c918711ada2d3/Pi2BoardPkg/AcpiTables/Common/pep.h	pep.h:2 'power management section of ACPI table'; PEP.asl:14 'RPI2 PEP virtual device', _HID="BCM2854". Distinct Windows subsystem from CSRT-loaded HAL extension DLLs
TPM2 ACPI tables (discrete+software)	ms-iot/RPi-UEFI	Pi2BoardPkg/AcpiTables/Common/{SoftwareTpm2Device.asl,SoftwareTpm2Table.aslc,Tpm2DeviceSpi0.asl,Tpm2TableSpi0.aslc}	ARM32 target firmware; ACPI/data itself is not CPU machine code	Public source	Build selection: compiled via AcpiTablesWithDTpm.inf / AcpiTablesWithSTpm.inf. v1.0 combined firmware available; individual module not independently extracted	0e2bf04ff3a48e7bf25092f1e1fd7dca16c6f109	2019-08-06T10:51:44-07:00	Pi2 BCM2836 ARM32 board package; shared Pi3 use only where explicitly included, not per-revision hardware testing	https://github.com/ms-iot/RPi-UEFI/blob/0e2bf04ff3a48e7bf25092f1e1fd7dca16c6f109/Pi2BoardPkg/AcpiTables/Common/	Software TPM (SPI0 device + table) and discrete SPI0 TPM variants
ACPI table-set selector INFs	ms-iot/RPi-UEFI	Pi2BoardPkg/AcpiTables/{AcpiTables.inf,AcpiTablesWithDTpm.inf,AcpiTablesWithSTpm.inf}	ARM32 target firmware; ACPI/data itself is not CPU machine code	Public source	Build selection: AcpiTables.inf is the active one (Pi2BoardPkg.fdf:162); WithDTpm/WithSTpm at lines 157/159. v1.0 combined firmware available; individual module not independently extracted	AcpiTables.inf:42edc352 / WithDTpm+WithSTpm:0e2bf04f	2016-10-21 / 2019-08-06	Pi2 BCM2836 ARM32 board package; shared Pi3 use only where explicitly included, not per-revision hardware testing	https://github.com/ms-iot/RPi-UEFI/blob/42edc35271384c6d62233419231c918711ada2d3/Pi2BoardPkg/Pi2BoardPkg.fdf#L157-L162	Three alternate ACPI-table-set bundles (no-TPM / discrete-TPM / software-TPM); CONFIG_TPM_ENABLE/CONFIG_USE_DTPM DSC flags select among them at build time
SD Host controller DXE	ms-iot/RPi-UEFI	Pi2BoardPkg/Drivers/SdHostDxe/SdHostDxe.c + .inf	ARM32 target firmware; ACPI/data itself is not CPU machine code	Public source	Build selection: YES (Pi2BoardPkg.fdf:148). v1.0 combined firmware available; individual module not independently extracted	42edc35271384c6d62233419231c918711ada2d3	2016-10-21T20:27:20-07:00	Pi2 BCM2836 ARM32 board package; shared Pi3 use only where explicitly included, not per-revision hardware testing	https://github.com/ms-iot/RPi-UEFI/blob/42edc35271384c6d62233419231c918711ada2d3/Pi2BoardPkg/Drivers/SdHostDxe/SdHostDxe.c	Native Broadcom SdHost controller driver -- the one actually compiled into the Pi2 firmware
Arasan MMC/eMMC host DXE	ms-iot/RPi-UEFI	Pi2BoardPkg/Drivers/ArasanMmcHostDxe/ArasanMmcHostDxe.c + .inf	ARM32 target firmware; ACPI/data itself is not CPU machine code	Public source	Source exists but not configured in the inspected Pi2 FDF; no shipped-module claim	42edc35271384c6d62233419231c918711ada2d3	2016-10-21T20:27:20-07:00	Pi2 BCM2836 ARM32 board package; shared Pi3 use only where explicitly included, not per-revision hardware testing	https://github.com/ms-iot/RPi-UEFI/blob/42edc35271384c6d62233419231c918711ada2d3/Pi2BoardPkg/Drivers/ArasanMmcHostDxe/ArasanMmcHostDxe.c	IMPORTANT: dead/unused source for the Pi2 build specifically -- do not infer it ships in Pi2 firmware merely because the .c/.inf files exist in the tree
Generic MMC/SD protocol stack	ms-iot/RPi-UEFI	Pi2BoardPkg/Drivers/MmcDxe/{Mmc.c,MmcBlockIo.c,...} + .inf	ARM32 target firmware; ACPI/data itself is not CPU machine code	Public source	Build selection: YES (Pi2BoardPkg.fdf:147). v1.0 combined firmware available; individual module not independently extracted	42edc35271384c6d62233419231c918711ada2d3	2016-10-21T20:27:20-07:00	Pi2 BCM2836 ARM32 board package; shared Pi3 use only where explicitly included, not per-revision hardware testing	https://github.com/ms-iot/RPi-UEFI/blob/42edc35271384c6d62233419231c918711ada2d3/Pi2BoardPkg/Drivers/MmcDxe/Mmc.c	Generic MMC/SD command-layer protocol driver sitting above SdHostDxe
Display (framebuffer) DXE	ms-iot/RPi-UEFI	Pi2BoardPkg/Drivers/DisplayDxe/DisplayDxe.c + .inf	ARM32 target firmware; ACPI/data itself is not CPU machine code	Public source	Build selection: YES (Pi2BoardPkg.fdf:181). v1.0 combined firmware available; individual module not independently extracted	5bfd48d674e6c7efea6e31f9eb97b9da90c20263	2019-08-12T14:38:44-07:00	Pi2 BCM2836 ARM32 board package; shared Pi3 use only where explicitly included, not per-revision hardware testing	https://github.com/ms-iot/RPi-UEFI/blob/5bfd48d674e6c7efea6e31f9eb97b9da90c20263/Pi2BoardPkg/Drivers/DisplayDxe/DisplayDxe.c	Firmware-boot-time GOP framebuffer driver; uses VideoCore mailbox (BcmMailboxLib) for mode-set
Board platform library	ms-iot/RPi-UEFI	Pi2BoardPkg/Library/Pi2BoardLib/{Pi2Board.c,Pi2BoardMem.c,Arm/*.S}	ARM32 target firmware; ACPI/data itself is not CPU machine code	Public source	Build selection: linked-into-consumer. v1.0 combined firmware available; individual module not independently extracted	42edc35271384c6d62233419231c918711ada2d3	2016-10-21T20:27:20-07:00	Pi2 BCM2836 ARM32 board package; shared Pi3 use only where explicitly included, not per-revision hardware testing	https://github.com/ms-iot/RPi-UEFI/blob/42edc35271384c6d62233419231c918711ada2d3/Pi2BoardPkg/Library/Pi2BoardLib/Pi2Board.c	Core board bring-up: memory map, early exception support
VideoCore mailbox library	ms-iot/RPi-UEFI	Pi2BoardPkg/Library/BcmMailboxLib/BcmMailbox.c	ARM32 target firmware; ACPI/data itself is not CPU machine code	Public source	Build selection: linked-into-consumer. v1.0 combined firmware available; individual module not independently extracted	4726af1381dd3ebac326b73c802d60fef1531179	2017-03-06T14:59:18-08:00	Pi2 BCM2836 ARM32 board package; shared Pi3 use only where explicitly included, not per-revision hardware testing	https://github.com/ms-iot/RPi-UEFI/blob/4726af1381dd3ebac326b73c802d60fef1531179/Pi2BoardPkg/Library/BcmMailboxLib/BcmMailbox.c	GPU-side mailbox property-tag protocol (display mode, board revision, MAC, etc.)
Reset system library	ms-iot/RPi-UEFI	Pi2BoardPkg/Library/ResetSystemLib/ResetSystemLib.c	ARM32 target firmware; ACPI/data itself is not CPU machine code	Public source	Build selection: linked-into-consumer. v1.0 combined firmware available; individual module not independently extracted	4726af1381dd3ebac326b73c802d60fef1531179	2017-03-06T14:59:18-08:00	Pi2 BCM2836 ARM32 board package; shared Pi3 use only where explicitly included, not per-revision hardware testing	https://github.com/ms-iot/RPi-UEFI/blob/4726af1381dd3ebac326b73c802d60fef1531179/Pi2BoardPkg/Library/ResetSystemLib/ResetSystemLib.c	Reboot/'CPU park'-reset path
Virtual RTC library	ms-iot/RPi-UEFI	Pi2BoardPkg/Library/VirtualRealTimeClockLib/VirtualRealTimeClockLib.c	ARM32 target firmware; ACPI/data itself is not CPU machine code	Public source	Build selection: linked-into-consumer. v1.0 combined firmware available; individual module not independently extracted	42edc35271384c6d62233419231c918711ada2d3	2016-10-21T20:27:20-07:00	Pi2 BCM2836 ARM32 board package; shared Pi3 use only where explicitly included, not per-revision hardware testing	https://github.com/ms-iot/RPi-UEFI/blob/42edc35271384c6d62233419231c918711ada2d3/Pi2BoardPkg/Library/VirtualRealTimeClockLib/VirtualRealTimeClockLib.c	RPi2 has no hardware RTC; this is a software/'virtual' clock
LED library	ms-iot/RPi-UEFI	Pi2BoardPkg/Library/BcmLedLib/BcmLedLib.c	ARM32 target firmware; ACPI/data itself is not CPU machine code	Public source	Build selection: linked-into-consumer. v1.0 combined firmware available; individual module not independently extracted	42edc35271384c6d62233419231c918711ada2d3	2016-10-21T20:27:20-07:00	Pi2 BCM2836 ARM32 board package; shared Pi3 use only where explicitly included, not per-revision hardware testing	https://github.com/ms-iot/RPi-UEFI/blob/42edc35271384c6d62233419231c918711ada2d3/Pi2BoardPkg/Library/BcmLedLib/BcmLedLib.c	Status/activity LED control via GPIO register pokes
Board PCD library	ms-iot/RPi-UEFI	Pi2BoardPkg/Library/Pi2PcdLib/Pi2PcdLib.c	ARM32 target firmware; ACPI/data itself is not CPU machine code	Public source	Build selection: linked-into-consumer. v1.0 combined firmware available; individual module not independently extracted	42edc35271384c6d62233419231c918711ada2d3	2016-10-21T20:27:20-07:00	Pi2 BCM2836 ARM32 board package; shared Pi3 use only where explicitly included, not per-revision hardware testing	https://github.com/ms-iot/RPi-UEFI/blob/42edc35271384c6d62233419231c918711ada2d3/Pi2BoardPkg/Library/Pi2PcdLib/Pi2PcdLib.c	Platform config-value accessor library
PL011 serial port library	ms-iot/RPi-UEFI	ArmPlatformPkg/Library/PL011SerialPortLib/PL011SerialPortLib.inf	ARM32 target firmware; ACPI/data itself is not CPU machine code	Public source	Build selection: linked-into-consumer. v1.0 combined firmware available; individual module not independently extracted	3402aac7d985bf8a9f9d3c639f3fe93609380513	2014-08-19T13:29:52Z	Pi2 BCM2836 ARM32 board package; shared Pi3 use only where explicitly included, not per-revision hardware testing	https://github.com/ms-iot/RPi-UEFI/blob/42edc35271384c6d62233419231c918711ada2d3/Pi2BoardPkg/Pi2BoardPkg.dsc#L93	Generic PL011 UART driver reused unmodified; board-specific part is only the register base PCD
BCM2836 SoC header	ms-iot/RPi-UEFI	Pi2BoardPkg/Include/Bcm2836.h	ARM32 target firmware; ACPI/data itself is not CPU machine code	Public source	No standalone binary; build-time definitions	42edc35271384c6d62233419231c918711ada2d3	2016-10-21T20:27:20-07:00	Pi2 BCM2836 ARM32 board package; shared Pi3 use only where explicitly included, not per-revision hardware testing	https://github.com/ms-iot/RPi-UEFI/blob/42edc35271384c6d62233419231c918711ada2d3/Pi2BoardPkg/Include/Bcm2836.h	SOC_PERIPHERAL_BASE_ADDRESS=0x3F000000 (genuine BCM2836 address; see rpi4-dirty-port branch counter-example in report S4c)
SMBIOS platform data DXE	ms-iot/RPi-UEFI	Pi2BoardPkg/Drivers/PlatformSmbiosDxe/PlatformSmbiosDxe.c + .inf	ARM32 target firmware; ACPI/data itself is not CPU machine code	Public source	Build selection: YES (Pi2BoardPkg.fdf:199). v1.0 combined firmware available; individual module not independently extracted	4726af1381dd3ebac326b73c802d60fef1531179	2017-03-06T14:59:18-08:00	Pi2 BCM2836 ARM32 board package; shared Pi3 use only where explicitly included, not per-revision hardware testing	https://github.com/ms-iot/RPi-UEFI/blob/4726af1381dd3ebac326b73c802d60fef1531179/Pi2BoardPkg/Drivers/PlatformSmbiosDxe/PlatformSmbiosDxe.c	Supplies board/platform identification strings to the generic SmbiosDxe (FDF:200)
Boot Device Selection (BDS)	ms-iot/RPi-UEFI	ArmPlatformPkg/Bds/Bds.inf	ARM32 target firmware; ACPI/data itself is not CPU machine code	Public source	Build selection: YES. v1.0 combined firmware available; individual module not independently extracted	42edc35271384c6d62233419231c918711ada2d3	2016-10-21T20:27:20-07:00	Pi2 BCM2836 ARM32 board package; shared Pi3 use only where explicitly included, not per-revision hardware testing	https://github.com/ms-iot/RPi-UEFI/blob/42edc35271384c6d62233419231c918711ada2d3/Pi2BoardPkg/Pi2BoardPkg.fdf#L207	Generic BDS consumes PcdDefaultBootAppPath/PcdDefaultBootDevicePath (S5b); not re-examined internally per scope boundary
UEFI Variable store	ms-iot/RPi-UEFI	MdeModulePkg/Universal/Variable/EmuRuntimeDxe/EmuVariableRuntimeDxe.inf	ARM32 target firmware; ACPI/data itself is not CPU machine code	Public source	Build selection: YES. v1.0 combined firmware available; individual module not independently extracted	4726af1381dd3ebac326b73c802d60fef1531179	2017-03-06T14:59:18-08:00	Pi2 BCM2836 ARM32 board package; shared Pi3 use only where explicitly included, not per-revision hardware testing	https://github.com/ms-iot/RPi-UEFI/blob/42edc35271384c6d62233419231c918711ada2d3/Pi2BoardPkg/Pi2BoardPkg.fdf#L121	Emu = emulated/RAM-backed variable store, NOT flash-backed persistent NVRAM -- consistent with the 'NVRAM: Limited' rating independently found in S9's third-party comparison table
GPIO configuration	ms-iot/RPi-UEFI	n/a	No matching Pi2 firmware component established	No dedicated Pi2 module established by configured firmware inventory	No dedicated Pi2 firmware component established; Windows-side drivers are separate	42edc35271384c6d62233419231c918711ada2d3	2016-10-21T20:27:20-07:00	Pi2 BCM2836 ARM32 board package; shared Pi3 use only where explicitly included, not per-revision hardware testing	https://github.com/ms-iot/RPi-UEFI/blob/42edc35271384c6d62233419231c918711ada2d3/Pi2BoardPkg/Pi2BoardPkg.dsc#L543	Pi2BoardPkg.dsc:543 literal comment: 'GPIO by default, and it is the OS's responsibility to mux them away.' Firmware leaves GPIO muxing untouched; Windows (OS-side, not in this repo) owns GPIO configuration
USB (DWC/host controller)	ms-iot/RPi-UEFI	n/a	No matching Pi2 firmware component established	No dedicated Pi2 module established by configured firmware inventory	No dedicated Pi2 firmware component established; Windows-side drivers are separate	n/a	n/a	Pi2 BCM2836 ARM32 board package; shared Pi3 use only where explicitly included, not per-revision hardware testing	n/a	If USB is supported under Windows 10 IoT Core on Pi2, it is a Windows-side (OS) driver bundled in the IoT Core image -- outside this firmware repository's scope and not examined
LAN / Ethernet (e.g. SMSC95xx)	ms-iot/RPi-UEFI	n/a	No matching Pi2 firmware component established	No dedicated Pi2 module established by configured firmware inventory	No dedicated Pi2 firmware component established; Windows-side drivers are separate	n/a	n/a	Pi2 BCM2836 ARM32 board package; shared Pi3 use only where explicitly included, not per-revision hardware testing	n/a	Same as USB above -- Windows-side driver territory, not evidenced in this firmware source
Build entry scripts	worproject/RPi-UEFI-Arm32	BuildPi2Board.bat, BuildPi3Board.bat, BuildPi2Pi3Board.bat	Host batch script selecting ARM32 firmware targets	Public source	Not applicable: source tooling, not a Windows/firmware driver	42edc35271384c6d62233419231c918711ada2d3	2016-10-21T20:27:20-07:00	Pi2, Pi3, or combined ARM32 board-package builds	https://github.com/worproject/RPi-UEFI-Arm32/blob/42edc35271384c6d62233419231c918711ada2d3/BuildPi2Pi3Board.bat	Selects WHICH BOARD DSC(s) to compile (Pi2BoardPkg.dsc / Pi3BoardPkg.dsc / both). Both DSCs declare SUPPORTED_ARCHITECTURES=ARM; no claim is made that these scripts select among different PE machine architectures
Broadcom VideoCore GPU boot blobs	Broadcom (proprietary; bundled via raspberrypi/firmware per README's own instructions, or packaged into the v1.0 release zip by worproject)	bootcode.bin, start.elf, fixup.dat	VideoCore boot firmware/data, not ARM32 or ARM64 Windows drivers	Proprietary binary only; no source in inspected repositories	bootcode.bin/start.elf/fixup.dat verified in RPi2-3_ARM_UEFI_Firmware_v1.0.zip	N/A: release asset, not a source commit	N/A: release asset, not a source commit	Bundled with ARM32 Pi2/3 firmware; exact blob-to-board validation not performed	https://github.com/raspberrypi/firmware (upstream source of these blobs, not independently re-verified this pass)	Timestamps cited elsewhere for these files (e.g. '04-21-2020 14:49' from the v1.0 ZIP's internal file metadata) are ZIP-packaging/file-modification timestamps, NOT git source-commit dates -- do not conflate the two
v1.0 release binary (kernel.img + GPU blobs)	worproject/RPi-UEFI-Arm32 (GitHub Release, NOT ms-iot)	RPi2-3_ARM_UEFI_Firmware_v1.0.zip	ARM32 UEFI plus VideoCore boot firmware/data	UEFI source public; VideoCore source not public in inspected repositories	Verified v1.0 ZIP; published 2020-05-05; SHA256 aab3481e44b8c7f89722669dcd73b524669614d6639f24d67c58370d82445656	5bfd48d674e6c7efea6e31f9eb97b9da90c20263 (tag target, not asset content attestation)	2019-08-12T14:38:44-07:00 (tag target); publication 2020-05-05	Pi2/3 release; A7/A53 boot-stub source plus entry opcode consistency evidence	https://github.com/worproject/RPi-UEFI-Arm32/releases/tag/v1.0	SHA256 aab3481e44b8c7f89722669dcd73b524669614d6639f24d67c58370d82445656 (this snapshot). GitHub Releases being absent on ms-iot/RPi-UEFI does not mean Microsoft never shipped compiled firmware anywhere (see S10.2 official ISO, a separate distribution channel)
